excel_row,site_id,date,species,count,size_cm,species_inferred,origin,nz_status,temperature_c,ph,do_mg_l,pct_sat,band
3,AV-1,2023-11-06,Brown Trout,12,18.3,False,introduced,introduced,13.5,7.88,7.9,75.81506260785734,B
4,AV-2,2023-11-02,Shortfin Eel,7,42.1,False,native,Not Threatened,16.8,7.33,8.2,84.48935659657462,A
5,AV-3,2023-10-21,Inanga,25,7.4,False,native,At Risk – Declining,15.1,7.6,7.5,74.53685508271573,B
6,AV-1,2023-11-01,Longfin Eel,6,38.9,False,native,At Risk – Declining,14.0,7.05,9.0,87.32943308098471,A
7,AV-2,2023-10-14,Brown Trout,9,17.0,False,introduced,introduced,15.3,7.64,6.9,68.86953227225433,C
8,AV-3,2023-11-10,Inanga,22,8.1,False,native,At Risk – Declining,17.9,7.22,8.4,88.54726266779909,A
9,AV-1,2023-10-15,Shortfin Eel,5,40.3,False,native,Not Threatened,13.9,7.11,7.8,75.5193319169636,B
10,AV-3,2023-11-12,Inanga,30,6.9,False,native,At Risk – Declining,18.6,7.33,6.5,69.50574799738193,C
11,AV-2,2023-11-08,Brown Trout,10,19.5,False,introduced,introduced,15.7,7.65,9.1,91.60870001581321,A
12,AV-1,2023-11-13,Inanga,18,8.2,False,native,At Risk – Declining,16.2,7.5,8.6,87.49934269463667,A
13,AV-3,2023-10-25,Longfin Eel,4,44.0,False,native,At Risk – Declining,14.5,7.49,8.0,78.47949588469469,A
14,AV-2,2023-10-18,Shortfin Eel,8,39.7,False,native,Not Threatened,16.3,7.71,7.6,77.48853256047609,B
15,AV-1,2023-10-11,Inanga,20,7.5,False,native,At Risk – Declining,13.7,7.1,7.7,74.22326532981705,B
16,AV-2,2023-10-20,Brown Trout,11,18.1,False,introduced,introduced,15.4,7.66,8.9,89.0224952470458,A
17,AV-3,2023-11-14,Inanga,28,7.3,False,native,At Risk – Declining,19.2,7.36,7.4,80.0952873196638,B
18,AV-2,2023-10-17,Longfin Eel,3,41.9,False,native,At Risk – Declining,15.9,7.38,6.8,68.74693842260048,C
19,AV-1,2023-10-22,Shortfin Eel,4,40.0,False,native,Not Threatened,13.4,7.08,7.2,68.94422738771074,B
20,AV-3,2023-10-27,Inanga,26,7.6,False,native,At Risk – Declining,17.1,7.45,8.3,86.05704476927774,A
21,AV-2,2023-11-03,Inanga,19,8.0,False,native,At Risk – Declining,16.6,7.74,7.9,81.05767514849559,B
22,AV-2,2023-10-30,Brown Trout,9,18.4,False,introduced,introduced,15.1,7.69,8.6,85.46892716151403,A
23,AV-1,2023-10-29,Brown Trout,13,17.8,False,introduced,introduced,14.1,7.32,8.8,85.57634482986916,A
24,AV-3,2023-11-09,Longfin Eel,5,43.2,False,native,At Risk – Declining,18.3,7.41,7.7,81.83606909100071,B
25,AV-2,2023-10-23,Inanga,21,7.7,False,native,At Risk – Declining,15.0,7.68,8.5,84.29313178103679,A
26,AV-1,2023-10-12,Shortfin Eel,7,39.5,False,native,Not Threatened,13.6,7.26,7.6,73.0976312207464,B
27,AV-3,2023-10-30,Brown Trout,10,17.3,False,introduced,introduced,16.7,7.59,9.0,92.5381638966138,A
28,AV-2,2023-11-05,Inanga,24,8.5,False,native,At Risk – Declining,15.2,7.53,8.3,82.6652185646503,A
29,AV-1,2023-10-27,Longfin Eel,6,40.7,False,native,At Risk – Declining,14.3,7.15,6.9,67.39396876512153,C
30,AV-2,2023-10-31,Inanga,15,7.9,False,native,At Risk – Declining,14.6,7.41,8.2,80.6166492751,A
31,AV-3,2023-10-11,Brown Trout,9,18.2,False,introduced,introduced,13.2,7.38,7.5,71.49828112134892,B
32,AV-2,2023-10-26,Shortfin Eel,6,41.0,False,native,Not Threatened,15.8,7.62,8.6,86.75991728230107,A
33,AV-1,2023-11-04,Inanga,23,7.2,False,native,At Risk – Declining,16.0,7.29,7.8,79.02440770393301,B
34,AV-3,2023-11-15,Brown Trout,12,18.7,False,introduced,introduced,19.7,7.42,7.9,86.36810127391368,B
35,AV-2,2023-10-09,Longfin Eel,5,43.6,False,native,At Risk – Declining,14.9,7.55,8.7,86.09032784602776,A
36,AV-3,2023-11-08,Shortfin Eel,8,40.1,False,native,Not Threatened,18.0,7.31,6.7,70.77215229564594,C
37,AV-1,2023-11-10,Inanga,27,7.8,False,native,At Risk – Declining,14.8,7.36,7.6,75.04278168443716,B
38,AV-2,2023-11-06,Brown Trout,10,18.0,False,introduced,introduced,15.5,7.63,8.4,84.20137006647413,A
39,AV-3,2023-10-31,Inanga,25,7.6,False,native,At Risk – Declining,17.3,7.5,9.1,94.74484740969572,A
40,AV-2,2023-11-12,Shortfin Eel,6,40.4,False,native,Not Threatened,16.1,7.67,7.3,74.11568643196219,B
41,AV-1,2023-10-20,Longfin Eel,4,42.5,False,native,At Risk – Declining,14.5,7.18,7.9,77.49850218613601,B
42,AV-2,2023-11-14,Inanga,20,7.3,False,native,At Risk – Declining,16.0,7.56,8.1,82.06380800023813,A
43,AV-3,2023-11-01,Brown Trout,11,17.9,False,introduced,introduced,17.2,7.34,7.8,81.04134308798464,B
44,AV-1,2023-10-08,Shortfin Eel,3,38.8,False,native,Not Threatened,13.8,7.28,6.9,66.6586267257127,C
45,AV-2,2023-10-24,Inanga,26,8.1,True,native,At Risk – Declining,15.6,7.58,8.3,83.37704261219467,A
46,AV-3,2023-10-13,Longfin Eel,7,42.7,False,native,At Risk – Declining,16.4,7.44,7.7,78.67387110522019,B
48,AV-1,2023-10-07,Inanga,22,7.1,False,native,At Risk – Declining,14.2,7.23,7.5,73.09431365432381,B
49,AV-3,2023-10-29,Shortfin Eel,6,41.6,False,native,Not Threatened,16.5,7.51,9.2,94.19807397966086,A
50,AV-1,2023-10-24,Longfin Eel,5,43.0,False,native,At Risk – Declining,14.0,7.09,6.8,65.98223832785511,C
51,AV-2,2023-11-07,Inanga,18,7.4,False,native,At Risk – Declining,15.3,7.6,8.4,83.84116972274441,A
52,AV-1,2023-10-06,Brown Trout,10,18.5,False,introduced,introduced,13.9,7.22,7.7,74.5511353539256,B
53,AV-3,2023-11-06,Inanga,24,8.3,False,native,At Risk – Declining,18.2,7.39,8.0,84.85094301693144,A
54,AV-2,2023-12-07,Longfin Eel,11,44.9,False,native,At Risk – Declining,20.7,7.37,8.8,98.13132099011207,A
55,AV-2,2023-12-14,Longfin Eel,19,44.9,False,native,At Risk – Declining,16.3,7.68,8.0,81.56687637944852,A
56,AV-1,2023-12-05,Longfin Eel,10,41.7,False,native,At Risk – Declining,18.9,7.59,7.8,83.91552690009102,B
57,AV-3,2023-12-23,Inanga,20,8.4,False,native,At Risk – Declining,20.3,7.74,7.2,79.65890182432233,B
58,AV-2,2023-12-19,Brown Trout,20,19.4,False,introduced,introduced,18.7,7.39,9.1,97.50576886574572,A
59,AV-2,2023-12-13,Inanga,6,7.9,False,native,At Risk – Declining,17.9,7.12,6.9,72.73525147712067,C
60,AV-3,2023-12-20,Longfin Eel,12,42.4,False,native,At Risk – Declining,18.1,,7.1,75.15125286862886,B
61,AV-3,2023-12-07,Inanga,16,8.0,False,native,At Risk – Declining,20.5,7.654999999999999,7.550000000000001,83.8615801435312,B
62,AV-1,2023-12-28,Brown Trout,3,16.9,False,introduced,introduced,15.6,7.68,9.0,90.40884138671711,A
63,AV-3,2023-12-15,Shortfin Eel,5,39.6,False,native,Not Threatened,17.9,7.59,7.4,78.00592187401348,B
64,AV-3,2023-12-07,Brown Trout,19,17.5,False,introduced,introduced,20.5,7.654999999999999,7.550000000000001,83.8615801435312,B
65,AV-1,2023-12-26,Inanga,15,6.9,False,native,At Risk – Declining,19.4,7.64,9.0,97.80529514098949,A
66,AV-2,2023-12-15,Inanga,3,7.2,False,native,At Risk – Declining,18.6,7.67,7.9,84.47621679681804,B
67,AV-2,2023-12-11,Brown Trout,17,18.7,False,introduced,introduced,16.0,7.04,6.7,67.87993995081425,C
68,AV-3,2023-12-04,Longfin Eel,7,,False,native,At Risk – Declining,20.1,7.39,6.7,73.83408931371943,C
69,AV-3,2023-12-29,Brown Trout,20,16.9,False,introduced,introduced,14.1,7.48,6.9,67.09963401432923,C
70,AV-3,2023-12-19,Inanga,5,7.1,False,native,At Risk – Declining,20.7,7.26,7.2,80.2892626282735,B
71,AV-2,2023-12-18,Longfin Eel,16,44.7,False,native,At Risk – Declining,15.5,7.67,7.3,73.1750001768168,B
72,AV-3,2023-12-22,Brown Trout,22,16.6,False,introduced,introduced,14.6,7.31,6.9,67.83596097538904,C
73,AV-3,2023-12-24,Brown Trout,7,17.2,False,introduced,introduced,20.2,7.1,8.6,94.9600864584195,A
