site_id,date,temperature_c,ph,do_mg_l,n_readings,excel_rows,do_sat_mg_l,pct_sat,deficit_mg_l,band
AV-1,2023-10-06,13.9,7.22,7.7,1,52,10.328,74.551,2.628,B
AV-1,2023-10-07,14.2,7.23,7.5,1,48,10.261,73.094,2.761,B
AV-1,2023-10-08,13.8,7.28,6.9,1,44,10.351,66.659,3.451,C
AV-1,2023-10-11,13.7,7.1,7.7,1,15,10.374,74.223,2.674,B
AV-1,2023-10-12,13.6,7.26,7.6,1,26,10.397,73.098,2.797,B
AV-1,2023-10-15,13.9,7.11,7.8,1,9,10.328,75.519,2.528,B
AV-1,2023-10-20,14.5,7.18,7.9,1,41,10.194,77.499,2.294,B
AV-1,2023-10-22,13.4,7.08,7.2,1,19,10.443,68.944,3.243,B
AV-1,2023-10-24,14.0,7.09,6.8,1,50,10.306,65.982,3.506,C
AV-1,2023-10-27,14.3,7.15,6.9,1,29,10.238,67.394,3.338,C
AV-1,2023-10-29,14.1,7.32,8.8,1,23,10.283,85.576,1.483,A
AV-1,2023-11-01,14.0,7.05,9.0,1,6,10.306,87.329,1.306,A
AV-1,2023-11-04,16.0,7.29,7.8,1,33,9.87,79.024,2.07,B
AV-1,2023-11-06,13.5,7.88,7.9,1,3,10.42,75.815,2.52,B
AV-1,2023-11-10,14.8,7.36,7.6,1,37,10.128,75.043,2.528,B
AV-1,2023-11-13,16.2,7.5,8.6,1,12,9.829,87.499,1.229,A
AV-1,2023-12-05,18.9,7.59,7.8,1,56,9.295,83.916,1.495,B
AV-1,2023-12-26,19.4,7.64,9.0,1,65,9.202,97.805,0.202,A
AV-1,2023-12-28,15.6,7.68,9.0,1,62,9.955,90.409,0.955,A
AV-2,2023-10-09,14.9,7.55,8.7,1,35,10.106,86.09,1.406,A
AV-2,2023-10-14,15.3,7.64,6.9,1,7,10.019,68.87,3.119,C
AV-2,2023-10-17,15.9,7.38,6.8,1,18,9.891,68.747,3.091,C
AV-2,2023-10-18,16.3,7.71,7.6,1,14,9.808,77.489,2.208,B
AV-2,2023-10-20,15.4,7.66,8.9,1,16,9.997,89.022,1.097,A
AV-2,2023-10-23,15.0,7.68,8.5,1,25,10.084,84.293,1.584,A
AV-2,2023-10-24,15.6,7.58,8.3,1,45,9.955,83.377,1.655,A
AV-2,2023-10-26,15.8,7.62,8.6,1,32,9.912,86.76,1.312,A
AV-2,2023-10-30,15.1,7.69,8.6,1,22,10.062,85.469,1.462,A
AV-2,2023-10-31,14.6,7.41,8.2,1,30,10.172,80.617,1.972,A
AV-2,2023-11-02,16.8,7.33,8.2,1,4,9.705,84.489,1.505,A
AV-2,2023-11-03,16.6,7.74,7.9,1,21,9.746,81.058,1.846,B
AV-2,2023-11-05,15.2,7.53,8.3,1,28,10.04,82.665,1.74,A
AV-2,2023-11-06,15.5,7.63,8.4,1,38,9.976,84.201,1.576,A
AV-2,2023-11-07,15.3,7.6,8.4,1,51,10.019,83.841,1.619,A
AV-2,2023-11-08,15.7,7.65,9.1,1,11,9.934,91.609,0.834,A
AV-2,2023-11-12,16.1,7.67,7.3,1,40,9.849,74.116,2.549,B
AV-2,2023-11-14,16.0,7.56,8.1,1,42,9.87,82.064,1.77,A
AV-2,2023-12-07,20.7,7.37,8.8,1,54,8.968,98.131,0.168,A
AV-2,2023-12-11,16.0,7.04,6.7,1,67,9.87,67.88,3.17,C
AV-2,2023-12-13,17.9,7.12,6.9,1,59,9.486,72.735,2.586,C
AV-2,2023-12-14,16.3,7.68,8.0,1,55,9.808,81.567,1.808,A
AV-2,2023-12-15,18.6,7.67,7.9,1,66,9.352,84.476,1.452,B
AV-2,2023-12-18,15.5,7.67,7.3,1,71,9.976,73.175,2.676,B
AV-2,2023-12-19,18.7,7.39,9.1,1,58,9.333,97.506,0.233,A
AV-3,2023-10-11,13.2,7.38,7.5,1,31,10.49,71.498,2.99,B
AV-3,2023-10-13,16.4,7.44,7.7,1,46,9.787,78.674,2.087,B
AV-3,2023-10-21,15.1,7.6,7.5,1,5,10.062,74.537,2.562,B
AV-3,2023-10-25,14.5,7.49,8.0,1,13,10.194,78.479,2.194,A
AV-3,2023-10-27,17.1,7.45,8.3,1,20,9.645,86.057,1.345,A
AV-3,2023-10-29,16.5,7.51,9.2,1,49,9.767,94.198,0.567,A
AV-3,2023-10-30,16.7,7.59,9.0,1,27,9.726,92.538,0.726,A
AV-3,2023-10-31,17.3,7.5,9.1,1,39,9.605,94.745,0.505,A
AV-3,2023-11-01,17.2,7.34,7.8,1,43,9.625,81.041,1.825,B
AV-3,2023-11-06,18.2,7.39,8.0,1,53,9.428,84.851,1.428,A
AV-3,2023-11-08,18.0,7.31,6.7,1,36,9.467,70.772,2.767,C
AV-3,2023-11-09,18.3,7.41,7.7,1,24,9.409,81.836,1.709,B
AV-3,2023-11-10,17.9,7.22,8.4,1,8,9.486,88.547,1.086,A
AV-3,2023-11-12,18.6,7.33,6.5,1,10,9.352,69.506,2.852,C
AV-3,2023-11-14,19.2,7.36,7.4,1,17,9.239,80.095,1.839,B
AV-3,2023-11-15,19.7,7.42,7.9,1,34,9.147,86.368,1.247,B
AV-3,2023-12-04,20.1,7.39,6.7,1,68,9.074,73.834,2.374,C
AV-3,2023-12-07,20.5,7.655,7.55,2,"61, 64",9.003,83.862,1.453,B
AV-3,2023-12-15,17.9,7.59,7.4,1,63,9.486,78.006,2.086,B
AV-3,2023-12-19,20.7,7.26,7.2,1,70,8.968,80.289,1.768,B
AV-3,2023-12-20,18.1,,7.1,1,60,9.448,75.151,2.348,B
AV-3,2023-12-22,14.6,7.31,6.9,1,72,10.172,67.836,3.272,C
AV-3,2023-12-23,20.3,7.74,7.2,1,57,9.039,79.659,1.839,B
AV-3,2023-12-24,20.2,7.1,8.6,1,73,9.056,94.96,0.456,A
AV-3,2023-12-29,14.1,7.48,6.9,1,69,10.283,67.1,3.383,C
