Iris-setosa,Iris-versicolor,Iris-virginica,,,,,,,,
3.5,3.2,3.3,,,,,,,,
3,3.2,2.7,,Anova: Single Factor,,,,,,
3.2,3.1,3,,,,,,,,
3.1,2.3,2.9,,SUMMARY,,,,,,
3.6,2.8,3,,Groups,Count,Sum,Average,Variance,,
3.9,2.8,3,,Iris-setosa,50,170.9,3.418,0.145179592,,
3.4,3.3,2.5,,Iris-versicolor,50,138.5,2.77,0.098469388,,
3.4,2.4,2.9,,Iris-virginica,50,148.7,2.974,0.104004082,,
2.9,2.9,2.5,,,,,,,,
3.1,2.7,3.6,,,,,,,,
3.7,2,3.2,,ANOVA,,,,,,
3.4,3,2.7,,Source of Variation,SS,df,MS,F,P-value,F crit
3,2.2,3,,Between Groups,10.9776,2,5.4888,47.3644614,1.32792E-16,3.057620652
3,2.9,2.5,,Within Groups,17.035,147,0.115884354,,,
4,2.9,2.8,,,,,,,,
4.4,3.1,3.2,,Total,28.0126,149,,,,
3.9,3,3,,,,,,,,
3.5,2.7,3.8,,,,,,,,
3.8,2.2,2.6,,,,,,,,
3.8,2.5,2.2,,,,,,,,
3.4,3.2,3.2,,,,,,,,
3.7,2.8,2.8,,,,,,,,
3.6,2.5,2.8,,,,,,,,
3.3,2.8,2.7,,,,,,,,
3.4,2.9,3.3,,,,,,,,
3,3,3.2,,,,,,,,
3.4,2.8,2.8,,,,,,,,
3.5,3,3,,,,,,,,
3.4,2.9,2.8,,,,,,,,
3.2,2.6,3,,,,,,,,
3.1,2.4,2.8,,,,,,,,
3.4,2.4,3.8,,,,,,,,
4.1,2.7,2.8,,,,,,,,
4.2,2.7,2.8,,,,,,,,
3.1,3,2.6,,,,,,,,
3.2,3.4,3,,,,,,,,
3.5,3.1,3.4,,,,,,,,
3.1,2.3,3.1,,,,,,,,
3,3,3,,,,,,,,
3.4,2.5,3.1,,,,,,,,
3.5,2.6,3.1,,,,,,,,
2.3,3,3.1,,,,,,,,
3.2,2.6,2.7,,,,,,,,
3.5,2.3,3.2,,,,,,,,
3.8,2.7,3.3,,,,,,,,
3,3,3,,,,,,,,
3.8,2.9,2.5,,,,,,,,
3.2,2.9,3,,,,,,,,
3.7,2.5,3.4,,,,,,,,
3.3,2.8,3,,,,,,,,